,count,mean,std,min,25%,50%,75%,max
is_ios,216065.0,0.8838081132992387,0.3204556247714941,0.0,1.0,1.0,1.0,1.0
act_in_vehicle_ep_0,216065.0,2280.6614953833337,4299.128225518489,0.0,0.0,306.0,2771.0,75644.0
act_in_vehicle_ep_1,216065.0,237.3063753962928,1018.4180745107975,0.0,0.0,0.0,0.0,32201.0
act_in_vehicle_ep_2,216065.0,1452.8525212320367,3012.5953582071256,0.0,0.0,15.0,1649.0,32400.0
act_in_vehicle_ep_3,216065.0,590.5025987550043,1611.3601078623126,0.0,0.0,0.0,347.0,21600.0
act_in_vehicle_hr_0,216065.0,23.39472843820147,193.87004082848276,0.0,0.0,0.0,0.0,3598.0
act_in_vehicle_hr_1,216065.0,14.51643718325504,158.39996584370348,0.0,0.0,0.0,0.0,3600.0
act_in_vehicle_hr_10,216065.0,123.83947886052808,474.1510641780729,0.0,0.0,0.0,0.0,3600.0
act_in_vehicle_hr_11,216065.0,146.71665471038807,506.9012629097701,0.0,0.0,0.0,0.0,3600.0
act_in_vehicle_hr_12,216065.0,159.96796334436397,521.5661150903186,0.0,0.0,0.0,0.0,3600.0
act_in_vehicle_hr_13,216065.0,169.0696410802305,536.4787364590011,0.0,0.0,0.0,0.0,3600.0
act_in_vehicle_hr_14,216065.0,177.89587392682756,555.3479739614709,0.0,0.0,0.0,0.0,3600.0
act_in_vehicle_hr_15,216065.0,186.18067248281767,569.8820732589447,0.0,0.0,0.0,0.0,3600.0
act_in_vehicle_hr_16,216065.0,191.71200796056743,578.5440698557152,0.0,0.0,0.0,0.0,3600.0
act_in_vehicle_hr_17,216065.0,190.4802628838544,572.5550926940399,0.0,0.0,0.0,0.0,3600.0
act_in_vehicle_hr_18,216065.0,164.40804387568556,526.3524674251526,0.0,0.0,0.0,0.0,3600.0
act_in_vehicle_hr_19,216065.0,130.2367852266679,464.18827261042844,0.0,0.0,0.0,0.0,3600.0
act_in_vehicle_hr_2,216065.0,8.542674658089002,123.5177884465376,0.0,0.0,0.0,0.0,3600.0
act_in_vehicle_hr_20,216065.0,106.86271260963136,419.96101511294626,0.0,0.0,0.0,0.0,3600.0
act_in_vehicle_hr_21,216065.0,86.24057575266703,378.23765167182773,0.0,0.0,0.0,0.0,3600.0
act_in_vehicle_hr_22,216065.0,60.96800037025895,326.5821019307061,0.0,0.0,0.0,0.0,3600.0
act_in_vehicle_hr_23,216065.0,41.78648092009349,275.72650313594727,0.0,0.0,0.0,0.0,3600.0
act_in_vehicle_hr_3,216065.0,7.060190220535487,116.99336321030744,0.0,0.0,0.0,0.0,3600.0
act_in_vehicle_hr_4,216065.0,8.033841668016569,131.402237626008,0.0,0.0,0.0,0.0,3600.0
act_in_vehicle_hr_5,216065.0,11.880045356721357,154.34600084479868,0.0,0.0,0.0,0.0,3600.0
act_in_vehicle_hr_6,216065.0,22.894527109897485,211.82454252917515,0.0,0.0,0.0,0.0,3600.0
act_in_vehicle_hr_7,216065.0,54.41288501145489,318.499777455013,0.0,0.0,0.0,0.0,3600.0
act_in_vehicle_hr_8,216065.0,86.57104575012148,398.35342927322193,0.0,0.0,0.0,0.0,3600.0
act_in_vehicle_hr_9,216065.0,106.98996598245898,444.6546266229789,0.0,0.0,0.0,0.0,3600.0
act_on_bike_ep_0,216065.0,171.53835651308634,854.0828300472632,0.0,0.0,0.0,0.0,57793.0
act_on_bike_ep_1,216065.0,16.358512484668964,242.11966657157387,0.0,0.0,0.0,0.0,28818.0
act_on_bike_ep_2,216065.0,107.52995163492467,614.1185081590899,0.0,0.0,0.0,0.0,32400.0
act_on_bike_ep_3,216065.0,47.6498923934927,379.13885030213817,0.0,0.0,0.0,0.0,21600.0
act_on_bike_hr_0,216065.0,2.770805081804087,61.22397274098557,0.0,0.0,0.0,0.0,3576.0
act_on_bike_hr_1,216065.0,1.8515215328720525,51.71549449698176,0.0,0.0,0.0,0.0,3600.0
act_on_bike_hr_10,216065.0,9.565774188322958,114.66544171330993,0.0,0.0,0.0,0.0,3600.0
act_on_bike_hr_11,216065.0,11.277171221623123,123.10296725693912,0.0,0.0,0.0,0.0,3600.0
act_on_bike_hr_12,216065.0,12.751033253881934,129.95253567264564,0.0,0.0,0.0,0.0,3600.0
act_on_bike_hr_13,216065.0,12.501696248814014,126.39915124247122,0.0,0.0,0.0,0.0,3600.0
act_on_bike_hr_14,216065.0,13.826774350311249,135.34817755623698,0.0,0.0,0.0,0.0,3600.0
act_on_bike_hr_15,216065.0,14.353898132506421,140.91270838666114,0.0,0.0,0.0,0.0,3600.0
act_on_bike_hr_16,216065.0,13.078809617476223,131.11640713022905,0.0,0.0,0.0,0.0,3600.0
act_on_bike_hr_17,216065.0,12.770420938143614,125.2089249637939,0.0,0.0,0.0,0.0,3600.0
act_on_bike_hr_18,216065.0,11.505153541758267,114.93181670081132,0.0,0.0,0.0,0.0,3600.0
act_on_bike_hr_19,216065.0,10.061606461018675,107.12486837714394,0.0,0.0,0.0,0.0,3600.0
act_on_bike_hr_2,216065.0,0.9735588827436188,36.749534396904416,0.0,0.0,0.0,0.0,3600.0
act_on_bike_hr_20,216065.0,8.341263045842686,98.93144559608538,0.0,0.0,0.0,0.0,3600.0
act_on_bike_hr_21,216065.0,7.098817485478907,93.83012983427682,0.0,0.0,0.0,0.0,3600.0
act_on_bike_hr_22,216065.0,5.919954643278643,88.88115289994208,0.0,0.0,0.0,0.0,3600.0
act_on_bike_hr_23,216065.0,4.723097216115521,84.56842369449383,0.0,0.0,0.0,0.0,3600.0
act_on_bike_hr_3,216065.0,0.505602480734964,28.701736214247678,0.0,0.0,0.0,0.0,3600.0
act_on_bike_hr_4,216065.0,0.43005114201744843,26.32484455668953,0.0,0.0,0.0,0.0,3600.0
act_on_bike_hr_5,216065.0,0.517372087103418,25.57217609836811,0.0,0.0,0.0,0.0,3600.0
act_on_bike_hr_6,216065.0,1.1822507115914191,39.99076008062282,0.0,0.0,0.0,0.0,3600.0
act_on_bike_hr_7,216065.0,2.6931062411774236,64.75508770992545,0.0,0.0,0.0,0.0,3600.0
act_on_bike_hr_8,216065.0,5.434244324624534,86.45704573332502,0.0,0.0,0.0,0.0,3600.0
act_on_bike_hr_9,216065.0,7.404373683845139,98.15932297316746,0.0,0.0,0.0,0.0,3600.0
act_on_foot_ep_0,25105.0,2816.917227643896,3266.736013778234,0.0,495.0,1991.0,4185.0,84807.0
act_on_foot_ep_1,25105.0,293.0960764787891,852.5045131607865,0.0,0.0,14.0,274.0,31995.0
act_on_foot_ep_2,25105.0,1608.4432981477794,1888.3512627096864,0.0,180.0,1098.0,2451.0,32400.0
act_on_foot_ep_3,25105.0,915.3778530173272,1441.4053507826136,0.0,32.0,403.0,1339.0,21600.0
act_on_foot_hr_0,25105.0,69.35590519816769,249.2061813056615,0.0,0.0,0.0,0.0,3449.0
act_on_foot_hr_1,25105.0,47.82135032861979,218.93730383678763,0.0,0.0,0.0,0.0,3600.0
act_on_foot_hr_10,25105.0,133.6144991037642,304.1344849561532,0.0,0.0,0.0,128.0,3600.0
act_on_foot_hr_11,25105.0,168.38267277434775,343.0073845161974,0.0,0.0,0.0,183.0,3600.0
act_on_foot_hr_12,25105.0,217.67691694881498,373.66761550011387,0.0,0.0,20.0,316.0,3600.0
act_on_foot_hr_13,25105.0,201.8323441545509,375.29777784807334,0.0,0.0,15.0,256.0,3600.0
act_on_foot_hr_14,25105.0,194.39661422027484,372.81236138330974,0.0,0.0,10.0,239.0,3600.0
act_on_foot_hr_15,25105.0,189.8760406293567,383.6696764921533,0.0,0.0,0.0,209.0,3600.0
act_on_foot_hr_16,25105.0,192.21672973511252,387.43689291498214,0.0,0.0,0.0,217.0,3600.0
act_on_foot_hr_17,25105.0,202.04158534156542,393.9316671764707,0.0,0.0,4.0,238.0,3600.0
act_on_foot_hr_18,25105.0,221.8744871539534,392.49452980101296,0.0,0.0,19.0,308.0,3600.0
act_on_foot_hr_19,25105.0,195.3431985660227,379.01657674537586,0.0,0.0,0.0,228.0,3600.0
act_on_foot_hr_2,25105.0,21.391714797849033,150.73628539832956,0.0,0.0,0.0,0.0,3600.0
act_on_foot_hr_20,25105.0,160.3528779127664,361.2638459602169,0.0,0.0,0.0,137.0,3600.0
act_on_foot_hr_21,25105.0,128.69623580959967,331.3628536846502,0.0,0.0,0.0,77.0,3600.0
act_on_foot_hr_22,25105.0,110.70714997012547,318.849390643267,0.0,0.0,0.0,45.0,3600.0
act_on_foot_hr_23,25105.0,98.4039036048596,327.14878050577903,0.0,0.0,0.0,16.0,3600.0
act_on_foot_hr_3,25105.0,10.068910575582553,114.73699745276912,0.0,0.0,0.0,0.0,3600.0
act_on_foot_hr_4,25105.0,5.975303724357698,98.74700233614993,0.0,0.0,0.0,0.0,3600.0
act_on_foot_hr_5,25105.0,6.2445329615614416,92.54673595222388,0.0,0.0,0.0,0.0,3600.0
act_on_foot_hr_6,25105.0,12.616092411870145,116.78447944418036,0.0,0.0,0.0,0.0,3600.0
act_on_foot_hr_7,25105.0,37.84210316669986,180.27190996918662,0.0,0.0,0.0,0.0,3600.0
act_on_foot_hr_8,25105.0,81.78016331408087,248.5366289547184,0.0,0.0,0.0,0.0,3600.0
act_on_foot_hr_9,25105.0,108.40589523999203,285.84777689990227,0.0,0.0,0.0,54.0,3600.0
act_running_ep_0,216065.0,107.16519565871381,422.9106805064874,0.0,0.0,6.0,41.0,46596.0
act_running_ep_1,216065.0,12.269779927336682,112.58848511613702,0.0,0.0,0.0,0.0,6653.0
act_running_ep_2,216065.0,68.94863119894477,345.8001052928446,0.0,0.0,0.0,13.0,24996.0
act_running_ep_3,216065.0,25.94678453243237,169.14245083018113,0.0,0.0,0.0,7.0,21600.0
act_running_hr_0,216065.0,1.9922708444218176,21.967598221324753,0.0,0.0,0.0,0.0,2986.0
act_running_hr_1,216065.0,1.15050100664152,18.987978316184364,0.0,0.0,0.0,0.0,3548.0
act_running_hr_10,216065.0,7.365862124823549,95.77759341223819,0.0,0.0,0.0,0.0,3600.0
act_running_hr_11,216065.0,7.343808576122926,93.65079810650455,0.0,0.0,0.0,0.0,3600.0
act_running_hr_12,216065.0,6.8074144354708075,81.56924360984821,0.0,0.0,0.0,0.0,3600.0
act_running_hr_13,216065.0,6.188688589081989,77.21626099772666,0.0,0.0,0.0,0.0,3600.0
act_running_hr_14,216065.0,6.683604470876819,79.62734169188683,0.0,0.0,0.0,0.0,3600.0
act_running_hr_15,216065.0,8.346678082984287,96.43352066147585,0.0,0.0,0.0,0.0,3600.0
act_running_hr_16,216065.0,10.259759794506282,108.97741562339522,0.0,0.0,0.0,0.0,3600.0
act_running_hr_17,216065.0,9.555939184967487,103.26363711172482,0.0,0.0,0.0,0.0,3600.0
act_running_hr_18,216065.0,7.892685071621965,90.05402812720136,0.0,0.0,0.0,0.0,3600.0
act_running_hr_19,216065.0,5.210209890542198,62.21808246635568,0.0,0.0,0.0,0.0,3600.0
act_running_hr_2,216065.0,0.4814939948626571,12.478027981451385,0.0,0.0,0.0,0.0,3499.0
act_running_hr_20,216065.0,4.057936269178256,49.88753795350257,0.0,0.0,0.0,0.0,3600.0
act_running_hr_21,216065.0,3.1536482077152708,36.091371674042925,0.0,0.0,0.0,0.0,3600.0
act_running_hr_22,216065.0,2.8979103510517668,34.15338787061119,0.0,0.0,0.0,0.0,3600.0
act_running_hr_23,216065.0,2.734394742322912,29.672599266679818,0.0,0.0,0.0,0.0,3600.0
act_running_hr_3,216065.0,0.1875592992849374,7.226625094802714,0.0,0.0,0.0,0.0,2416.0
act_running_hr_4,216065.0,0.128549279152107,10.200990486251882,0.0,0.0,0.0,0.0,3168.0
act_running_hr_5,216065.0,0.1288639992594821,7.721371072330221,0.0,0.0,0.0,0.0,1440.0
act_running_hr_6,216065.0,0.7815194501654594,26.749464016986845,0.0,0.0,0.0,0.0,2611.0
act_running_hr_7,216065.0,2.553115960474857,53.62587854906114,0.0,0.0,0.0,0.0,3509.0
act_running_hr_8,216065.0,4.865906093073844,71.93343763033315,0.0,0.0,0.0,0.0,3580.0
act_running_hr_9,216065.0,6.396875940110615,88.5262270550779,0.0,0.0,0.0,0.0,3600.0
act_still_ep_0,216065.0,72405.71461828616,8579.804095090441,52.0,67884.0,73774.0,78330.0,86400.0
act_still_ep_1,216065.0,30684.784250109922,2603.8254747422575,6.0,30257.0,31586.0,32222.0,32400.0
act_still_ep_2,216065.0,24746.012769305533,5345.495520653541,0.0,22161.0,25821.0,28453.0,32400.0
act_still_ep_3,216065.0,16974.91759887071,3610.596551272881,0.0,15160.0,17772.0,19634.0,21600.0
act_still_hr_0,216065.0,3212.277712725337,738.8990139425725,0.0,3197.0,3581.0,3599.0,3600.0
act_still_hr_1,216065.0,3350.7397079582533,612.3439605513046,0.0,3460.0,3600.0,3600.0,3600.0
act_still_hr_10,216065.0,2921.1680281396802,882.8270456083145,0.0,2644.0,3272.0,3579.0,3600.0
act_still_hr_11,216065.0,2786.2006016707937,930.8632908848782,0.0,2374.0,3121.0,3537.0,3600.0
act_still_hr_12,216065.0,2665.480198088538,943.6895312193376,0.0,2170.0,2941.0,3463.0,3600.0
act_still_hr_13,216065.0,2683.444532895194,966.3355606766219,0.0,2163.0,3019.0,3481.0,3600.0
act_still_hr_14,216065.0,2670.0241408835304,985.5823385119834,0.0,2155.0,3014.0,3484.0,3600.0
act_still_hr_15,216065.0,2675.777483627612,1013.3447319418518,0.0,2121.0,3055.0,3525.0,3600.0
act_still_hr_16,216065.0,2658.8881031171177,1013.4259160604483,0.0,2100.0,3028.0,3509.0,3600.0
act_still_hr_17,216065.0,2649.369680420244,990.9876158167674,0.0,2104.0,2979.0,3486.0,3600.0
act_still_hr_18,216065.0,2634.327489412908,941.9278192079007,0.0,2104.0,2888.0,3442.0,3600.0
act_still_hr_19,216065.0,2727.2477819174787,903.9549423717551,0.0,2256.0,3004.0,3481.0,3600.0
act_still_hr_2,216065.0,3470.9551477564623,437.86192047269174,0.0,3600.0,3600.0,3600.0,3600.0
act_still_hr_20,216065.0,2808.63436928702,888.1015456840577,0.0,2400.0,3126.0,3516.0,3600.0
act_still_hr_21,216065.0,2862.6689792423576,873.7899612208922,0.0,2500.0,3200.0,3535.0,3600.0
act_still_hr_22,216065.0,2926.7438224608336,874.1282020666932,0.0,2626.0,3298.0,3572.0,3600.0
act_still_hr_23,216065.0,3015.295156550112,888.2455569702984,0.0,2833.0,3432.0,3600.0,3600.0
act_still_hr_3,216065.0,3529.949380973318,339.2143231228855,0.0,3600.0,3600.0,3600.0,3600.0
act_still_hr_4,216065.0,3547.240182352533,324.59383539297573,0.0,3600.0,3600.0,3600.0,3600.0
act_still_hr_5,216065.0,3539.5502464536135,358.615363367315,0.0,3600.0,3600.0,3600.0,3600.0
act_still_hr_6,216065.0,3487.6718024668503,467.5079488292079,0.0,3600.0,3600.0,3600.0,3600.0
act_still_hr_7,216065.0,3370.030842570523,618.1886863844975,0.0,3545.0,3600.0,3600.0,3600.0
act_still_hr_8,216065.0,3176.3692268530303,763.8051792416987,0.0,3072.0,3583.0,3600.0,3600.0
act_still_hr_9,216065.0,3035.6600004628235,834.4878080662937,0.0,2807.0,3427.0,3600.0,3600.0
act_tilting_hr_0,25105.0,196.35897231627166,419.4836177190181,0.0,0.0,0.0,202.0,3572.0
act_tilting_hr_1,25105.0,192.06281617207728,475.11921870841394,0.0,0.0,0.0,124.0,3600.0
act_tilting_hr_10,25105.0,352.943955387373,616.85292273615,0.0,0.0,62.0,454.0,3600.0
act_tilting_hr_11,25105.0,431.23250348536146,677.2476624886095,0.0,0.0,132.0,570.0,3600.0
act_tilting_hr_12,25105.0,411.55451105357497,600.4269626774128,0.0,0.0,171.0,563.0,3600.0
act_tilting_hr_13,25105.0,402.482135032862,584.6674858434085,0.0,0.0,169.0,569.0,3600.0
act_tilting_hr_14,25105.0,396.9399322844055,584.451377498633,0.0,0.0,160.0,562.0,3600.0
act_tilting_hr_15,25105.0,398.34371639115716,591.4401240819684,0.0,0.0,148.0,556.0,3600.0
act_tilting_hr_16,25105.0,406.46484763991236,617.5159200032488,0.0,0.0,144.0,554.0,3600.0
act_tilting_hr_17,25105.0,428.35164309898425,639.7860236505525,0.0,0.0,167.0,578.0,3600.0
act_tilting_hr_18,25105.0,424.4180840470026,610.2517760352299,0.0,0.0,187.0,589.0,3600.0
act_tilting_hr_19,25105.0,406.0303923521211,593.3646743642619,0.0,0.0,166.0,567.0,3600.0
act_tilting_hr_2,25105.0,146.30069707229634,460.3272125869771,0.0,0.0,0.0,1.0,3600.0
act_tilting_hr_20,25105.0,399.87552280422227,598.2941088320958,0.0,0.0,148.0,563.0,3600.0
act_tilting_hr_21,25105.0,393.53578968333,624.9953114576522,0.0,0.0,112.0,531.0,3600.0
act_tilting_hr_22,25105.0,378.7740290778729,638.4806640454362,0.0,0.0,73.0,488.0,3600.0
act_tilting_hr_23,25105.0,375.5492531368253,693.2915490459329,0.0,0.0,29.0,436.0,3600.0
act_tilting_hr_3,25105.0,128.76176060545708,485.70053289220897,0.0,0.0,0.0,0.0,3600.0
act_tilting_hr_4,25105.0,139.9751443935471,558.3600680588619,0.0,0.0,0.0,0.0,3600.0
act_tilting_hr_5,25105.0,168.5718781119299,643.8455253321239,0.0,0.0,0.0,0.0,3600.0
act_tilting_hr_6,25105.0,238.28767177853018,739.656619393478,0.0,0.0,0.0,0.0,3600.0
act_tilting_hr_7,25105.0,256.1964947221669,734.6649663069225,0.0,0.0,0.0,16.0,3600.0
act_tilting_hr_8,25105.0,292.0081258713404,709.7151490195639,0.0,0.0,0.0,189.0,3600.0
act_tilting_hr_9,25105.0,353.1464250149373,692.0961689996174,0.0,0.0,1.0,377.0,3600.0
act_unknown_hr_0,216065.0,16.01992918797584,123.74785946690949,0.0,0.0,0.0,0.0,3586.0
act_unknown_hr_1,216065.0,11.02083632240298,102.82928992076477,0.0,0.0,0.0,0.0,3600.0
act_unknown_hr_10,216065.0,22.651822368268807,145.04228909095852,0.0,0.0,0.0,0.0,3600.0
act_unknown_hr_11,216065.0,27.450063638257006,160.12957511734805,0.0,0.0,0.0,0.0,3600.0
act_unknown_hr_12,216065.0,32.521583782658,171.03439532078878,0.0,0.0,0.0,0.0,3600.0
act_unknown_hr_13,216065.0,31.580871497003216,172.88836098282343,0.0,0.0,0.0,0.0,3600.0
act_unknown_hr_14,216065.0,31.929257399393702,176.48807232229208,0.0,0.0,0.0,0.0,3600.0
act_unknown_hr_15,216065.0,31.688556684331104,177.54836463365228,0.0,0.0,0.0,0.0,3600.0
act_unknown_hr_16,216065.0,31.95038530071969,177.88193373253648,0.0,0.0,0.0,0.0,3600.0
act_unknown_hr_17,216065.0,33.89291185522875,180.94867352319625,0.0,0.0,0.0,0.0,3600.0
act_unknown_hr_18,216065.0,34.98530997616458,182.98487224600734,0.0,0.0,0.0,0.0,3600.0
act_unknown_hr_19,216065.0,31.382255339828294,173.39791354681464,0.0,0.0,0.0,0.0,3600.0
act_unknown_hr_2,216065.0,6.389526299956032,81.93313847025364,0.0,0.0,0.0,0.0,3600.0
act_unknown_hr_20,216065.0,29.35563372133386,170.27924554013916,0.0,0.0,0.0,0.0,3600.0
act_unknown_hr_21,216065.0,26.88951472936385,166.49020821463318,0.0,0.0,0.0,0.0,3600.0
act_unknown_hr_22,216065.0,25.545201675421747,168.97766694240738,0.0,0.0,0.0,0.0,3600.0
act_unknown_hr_23,216065.0,22.69532779487654,166.2985973308791,0.0,0.0,0.0,0.0,3600.0
act_unknown_hr_3,216065.0,3.5086524888343784,68.01993486851384,0.0,0.0,0.0,0.0,3600.0
act_unknown_hr_4,216065.0,2.2252285191956123,58.138260725821105,0.0,0.0,0.0,0.0,3600.0
act_unknown_hr_5,216065.0,2.27244116353875,59.247024863332854,0.0,0.0,0.0,0.0,3600.0
act_unknown_hr_6,216065.0,3.5862772776710714,67.68510772211248,0.0,0.0,0.0,0.0,3600.0
act_unknown_hr_7,216065.0,7.580251313262213,87.22593421317474,0.0,0.0,0.0,0.0,3600.0
act_unknown_hr_8,216065.0,12.504477819174785,104.42946146497356,0.0,0.0,0.0,0.0,3600.0
act_unknown_hr_9,216065.0,17.822099831069355,126.95808937838859,0.0,0.0,0.0,0.0,3600.0
act_walking_ep_0,216065.0,9712.390914771018,7064.4300470922735,0.0,4780.0,9175.0,13814.0,86315.0
act_walking_ep_1,216065.0,1144.8021336171985,1851.3269758101255,0.0,39.0,506.0,1457.0,32315.0
act_walking_ep_2,216065.0,5160.143956679703,4087.158463098404,0.0,2163.0,4727.0,7342.0,32400.0
act_walking_ep_3,216065.0,3407.4448244741166,3145.659235833508,0.0,1039.0,2761.0,4875.0,21600.0
act_walking_hr_0,216065.0,311.6808691828848,664.8500395354004,0.0,0.0,0.0,276.0,3600.0
act_walking_hr_1,216065.0,192.84840210121953,533.0702714989663,0.0,0.0,0.0,68.0,3600.0
act_walking_hr_10,216065.0,458.87488950084463,658.7833862184748,0.0,0.0,190.0,641.0,3600.0
act_walking_hr_11,216065.0,551.3412815587902,710.2787621914197,0.0,0.0,276.0,832.0,3600.0
act_walking_hr_12,216065.0,649.3602203040751,751.405469305312,0.0,6.0,403.0,1014.0,3600.0
act_walking_hr_13,216065.0,626.9981301923033,762.2515020413673,0.0,4.0,336.0,968.0,3600.0
act_walking_hr_14,216065.0,630.9318399555689,774.0638464059374,0.0,0.0,345.0,955.0,3600.0
act_walking_hr_15,216065.0,615.3063476268716,788.3990397875826,0.0,0.0,292.0,938.0,3600.0
act_walking_hr_16,216065.0,624.5489922014209,788.3271663826283,0.0,0.0,311.0,951.0,3600.0
act_walking_hr_17,216065.0,630.6842061416703,770.7084916133223,0.0,0.0,341.0,969.0,3600.0
act_walking_hr_18,216065.0,671.7873649133363,762.1416651607029,0.0,12.0,421.0,1066.0,3600.0
act_walking_hr_19,216065.0,625.9866290236735,741.7256582389398,0.0,5.0,364.0,975.0,3600.0
act_walking_hr_2,216065.0,93.17310068729317,356.1621487805726,0.0,0.0,0.0,0.0,3600.0
act_walking_hr_20,216065.0,577.6540902043366,736.5087306408046,0.0,0.0,294.0,865.0,3600.0
act_walking_hr_21,216065.0,553.2693402448338,739.9035690488003,0.0,0.0,255.0,804.0,3600.0
act_walking_hr_22,216065.0,521.0513688010552,762.2807498219191,0.0,0.0,188.0,718.0,3600.0
act_walking_hr_23,216065.0,457.69603128688124,786.5676168628851,0.0,0.0,87.0,544.0,3600.0
act_walking_hr_3,216065.0,42.65761692083401,239.37121740000345,0.0,0.0,0.0,0.0,3600.0
act_walking_hr_4,216065.0,24.98388910744452,190.63319218613447,0.0,0.0,0.0,0.0,3600.0
act_walking_hr_5,216065.0,25.33878231087867,189.41912707631977,0.0,0.0,0.0,0.0,3600.0
act_walking_hr_6,216065.0,54.73064124221877,266.8824513319089,0.0,0.0,0.0,0.0,3600.0
act_walking_hr_7,216065.0,128.56489945155394,377.08939987511434,0.0,0.0,0.0,19.0,3600.0
act_walking_hr_8,216065.0,270.82393261287115,526.4082353365472,0.0,0.0,0.0,305.0,3600.0
act_walking_hr_9,216065.0,372.098049198158,598.0539606958938,0.0,0.0,82.0,517.0,3600.0
audio_amp_mean_ep_0,53539.0,6836.433781337811,9856.311287238344,0.0,400.25011462500004,1488.42537048,10930.0213045,101813.631285
audio_amp_mean_ep_1,52134.0,3709.363386151304,9791.25112301699,0.0,68.39055012942501,537.748932143,2893.3485601275,146137.943135
audio_amp_mean_ep_2,52939.0,7367.197088884672,10450.461591606721,0.0,442.9184332005,1623.7031323,12117.82741205,125802.730061
audio_amp_mean_ep_3,52540.0,9091.847465324881,14099.709707791759,0.0,357.97042298725,1793.5152573599999,13769.744793999998,154627.739687
audio_amp_mean_hr_0,49448.0,6161.182792902827,18534.243147010693,0.0,47.515363128475,519.3833423240001,2874.2889625075,243268.189189
audio_amp_mean_hr_1,49062.0,4206.848891649091,14182.02226890598,0.0,32.43790669605,349.638721216,2098.39809693,192272.448276
audio_amp_mean_hr_10,50131.0,5221.992914110914,10765.89964851233,0.0,104.783098592,887.673141892,5428.5005868299995,324671.033613
audio_amp_mean_hr_11,50222.0,6241.1256557818815,11817.867551778869,0.0,146.733167321,1110.9868630350002,7051.3384180775,234927.268156
audio_amp_mean_hr_12,50362.0,7391.16520913796,13148.709410968875,0.0,207.125802568,1369.977343165,9109.152651085,324664.830508
audio_amp_mean_hr_13,50213.0,7354.373418077183,13248.344164574048,0.0,200.156862745,1378.57557252,8492.95628415,244912.563025
audio_amp_mean_hr_14,50170.0,7047.184067938774,13066.7953828766,0.0,188.90278200425,1273.684506175,7902.02503766,158285.933333
audio_amp_mean_hr_15,49984.0,6824.991778452711,13039.054375773276,0.0,181.3691669905,1267.1041537649999,7280.4842100549995,196592.389831
audio_amp_mean_hr_16,49896.0,7104.641240816719,13833.450994692088,0.0,178.98383437875,1256.768845185,7488.37930232,232673.277228
audio_amp_mean_hr_17,50081.0,7478.489468781822,13982.952018622953,0.0,199.316865417,1369.6396648,8136.14285714,242282.050279
audio_amp_mean_hr_18,50274.0,9040.478648751674,15330.55468507559,0.0,245.99054621850001,1582.75118294,11596.53252335,198786.938202
audio_amp_mean_hr_19,50217.0,9012.626283622585,15387.698645010492,0.0,233.248603352,1601.26959459,10990.04,177216.644898
audio_amp_mean_hr_2,48960.0,2665.738172979818,10084.011898219753,0.0,24.9608938547,243.4694599625,1638.0067486824998,155321.802817
audio_amp_mean_hr_20,50012.0,7914.277277264333,15166.585275830797,0.0,180.005655652,1354.544174605,8129.545349505,229824.394444
audio_amp_mean_hr_21,49969.0,7273.5709841966145,15207.61434451704,0.0,137.181818182,1179.48523207,6651.90654206,213997.277778
audio_amp_mean_hr_22,49855.0,6803.246084143997,15689.555727446972,0.0,104.75939511300001,983.48603352,5242.713316515001,225872.579909
audio_amp_mean_hr_23,49673.0,6970.445238373487,18408.45394376197,0.0,72.7023060797,733.418079096,3943.34173669,235340.766667
audio_amp_mean_hr_3,48821.0,1993.8071549396966,8108.801768305167,0.0,22.1866295265,189.079497908,1394.04494382,151244.628183
audio_amp_mean_hr_4,48746.0,1813.3429776478295,7694.276161475684,0.0,21.23580671345,168.73040191,1318.7051228325,155046.02714
audio_amp_mean_hr_5,48790.0,1830.9589782494793,7777.618854489344,0.0,22.42707693485,170.819093023,1328.141294515,156875.851541
audio_amp_mean_hr_6,48969.0,2127.255477168327,8253.433316729503,0.0,25.7436619718,190.535211268,1516.7150838,155670.560563
audio_amp_mean_hr_7,49316.0,2827.173807827478,9314.557687447335,0.0,31.6890756303,287.267585258,1960.5209700775,237072.97191
audio_amp_mean_hr_8,49686.0,3681.374293913794,9268.522300353869,0.0,43.155522638175,522.2679521105,2730.1669085475,162367.954167
audio_amp_mean_hr_9,49995.0,4550.502677889526,10127.94756856896,0.0,66.5766350731,732.758426966,4004.15249066,184030.127119
audio_amp_std_ep_0,53539.0,8814.511115820538,11177.231170845378,0.0,692.7117670795001,2046.21076965,15065.413640499999,85735.361501
audio_amp_std_ep_1,52134.0,4239.38404917017,9056.535502974082,0.0,119.2727872115,767.7659142365001,3231.730573845,88373.3303955
audio_amp_std_ep_2,52939.0,7721.955490539814,9727.445229340696,0.0,613.4918160365,1919.2505635,13602.63070155,151043.250114
audio_amp_std_ep_3,52540.0,8481.413429162121,11408.111741614703,0.0,519.1436510025001,1960.1483171300001,14645.533451775,100607.538168
audio_amp_std_hr_0,49448.0,3186.076826204152,7916.442888235425,0.0,28.366977423025,307.8775428185,1714.4836339175,108770.094776
audio_amp_std_hr_1,49062.0,2162.728303112842,6452.65263453723,0.0,13.69145176,177.28411009349998,965.8686042112499,100566.997646
audio_amp_std_hr_10,50131.0,3650.5458050670027,6795.871758160948,0.0,102.125392039,650.68505389,3652.56781194,95876.9204515
audio_amp_std_hr_11,50222.0,4344.4988272279215,7517.592909093612,0.0,146.08798518175,821.5333258109999,5171.769316260001,122312.2649
audio_amp_std_hr_12,50362.0,4893.355886152915,7905.358262384602,0.0,204.175892127,986.2881333985,6803.34975351,128980.832402
audio_amp_std_hr_13,50213.0,4743.027705942195,7788.341318984617,0.0,196.36443527,990.050736867,6222.49502434,132250.094564
audio_amp_std_hr_14,50170.0,4686.008933260008,7881.6134003476045,0.0,184.22462056749998,931.705647707,5811.5877464575005,106464.497538
audio_amp_std_hr_15,49984.0,4536.5759435057425,7799.349365249106,0.0,173.4521356075,906.9751001330001,5300.162920195,109197.459989
audio_amp_std_hr_16,49896.0,4638.30540191017,8025.709131371388,0.0,169.50263559775001,900.4415628255,5437.21434746,117646.169918
audio_amp_std_hr_17,50081.0,4909.147270097926,8190.962687047266,0.0,189.531864492,976.818109092,6217.59122588,103782.380339
audio_amp_std_hr_18,50274.0,5519.0333669855745,8473.71299492374,0.0,243.768627052,1114.9780587599998,8497.714864810001,112396.094376
audio_amp_std_hr_19,50217.0,5494.355942026573,8484.359144025564,0.0,227.059505104,1135.00026438,8356.56904163,118019.574846
audio_amp_std_hr_2,48960.0,1265.6378394927651,4510.240063746669,0.0,8.14117206264,104.061035166,550.76095623475,101040.705707
audio_amp_std_hr_20,50012.0,5061.020415754551,8369.914787078671,0.0,183.82609820975,1017.887353155,6543.25864109,114513.356497
audio_amp_std_hr_21,49969.0,4777.42488042294,8355.802657788336,0.0,143.816728722,921.761582025,5450.28155212,118783.812689
audio_amp_std_hr_22,49855.0,4333.8628860949075,8120.977164370798,0.0,102.50442260150001,755.113950794,3997.695482435,113677.448275
audio_amp_std_hr_23,49673.0,3980.596951894664,8598.839369375351,0.0,61.5067074398,522.163179753,2706.05245877,139628.529484
audio_amp_std_hr_3,48821.0,733.9589356849145,2956.3808926524403,0.0,6.16758874781,68.8597956162,368.174673603,119690.735791
audio_amp_std_hr_4,48746.0,549.4168686606642,2344.2042320959804,0.0,5.4232157228775,54.74142778265,314.47560906575,118666.430168
audio_amp_std_hr_5,48790.0,561.8011122571525,2334.79594497997,0.0,5.8342133545575,56.874115652650005,333.21185615875004,67234.3535076
audio_amp_std_hr_6,48969.0,866.7085135676854,3342.033217695312,0.0,7.71167028157,76.9064213863,467.28878052,102150.640505
audio_amp_std_hr_7,49316.0,1556.400629561505,4829.603844898682,0.0,12.041838354774999,154.058730636,831.21876504175,128217.19625
audio_amp_std_hr_8,49686.0,2475.494556450188,5899.139835408831,0.0,21.7734994731,336.798580947,1595.3908930375,121881.588167
audio_amp_std_hr_9,49995.0,3163.47200008385,6465.165891977482,0.0,52.55105664175,521.367268989,2638.903863555,141954.369013
audio_convo_duration_ep_0,216065.0,2046.7942339064632,5962.849501017793,0.0,0.0,0.0,0.0,85554.905
audio_convo_duration_ep_1,216065.0,285.26392512438395,1621.0763862429178,0.0,0.0,0.0,0.0,32400.0
audio_convo_duration_ep_2,216065.0,967.0252746627173,3073.6530966334385,0.0,0.0,0.0,0.0,44390.651
audio_convo_duration_ep_3,216065.0,794.5050341193621,2497.652826406334,0.0,0.0,0.0,0.0,27383.391
audio_convo_duration_hr_0,216065.0,59.360177719667696,333.2027041570873,0.0,0.0,0.0,0.0,5084.731
audio_convo_duration_hr_1,216065.0,49.47700441070975,324.3641750906421,0.0,0.0,0.0,0.0,5061.539
audio_convo_duration_hr_10,216065.0,85.0585649411057,409.1601791354584,0.0,0.0,0.0,0.0,6284.198
audio_convo_duration_hr_11,216065.0,102.9133239580682,450.2167032260618,0.0,0.0,0.0,0.0,6249.647
audio_convo_duration_hr_12,216065.0,121.20187320945082,486.0069528707761,0.0,0.0,0.0,0.0,7094.444
audio_convo_duration_hr_13,216065.0,126.2240628005461,503.86780868541905,0.0,0.0,0.0,0.0,5976.794
audio_convo_duration_hr_14,216065.0,115.86353764376459,477.5298050254421,0.0,0.0,0.0,0.0,6568.608
audio_convo_duration_hr_15,216065.0,114.48055860042119,480.0843939483449,0.0,0.0,0.0,0.0,7139.463
audio_convo_duration_hr_16,216065.0,113.59839567722675,477.5256487861291,0.0,0.0,0.0,0.0,6979.847
audio_convo_duration_hr_17,216065.0,122.71352719783398,495.64242806631734,0.0,0.0,0.0,0.0,6619.566
audio_convo_duration_hr_18,216065.0,151.844831300766,553.38374479481,0.0,0.0,0.0,0.0,6993.96
audio_convo_duration_hr_19,216065.0,162.22698584222343,583.1657526591999,0.0,0.0,0.0,0.0,7200.0
audio_convo_duration_hr_2,216065.0,32.23661537037465,271.32216646635715,0.0,0.0,0.0,0.0,5236.109
audio_convo_duration_hr_20,216065.0,146.7648718857751,558.0831094725997,0.0,0.0,0.0,0.0,6898.974
audio_convo_duration_hr_21,216065.0,127.86496307592627,518.8070203335119,0.0,0.0,0.0,0.0,7129.642
audio_convo_duration_hr_22,216065.0,112.1623386619767,485.9840651822283,0.0,0.0,0.0,0.0,6601.446
audio_convo_duration_hr_23,216065.0,93.64104335269477,446.83517056752737,0.0,0.0,0.0,0.0,6606.326
audio_convo_duration_hr_3,216065.0,22.574826607733787,236.99417052210686,0.0,0.0,0.0,0.0,4269.78
audio_convo_duration_hr_4,216065.0,18.36564630550992,222.74580661955653,0.0,0.0,0.0,0.0,3600.663
audio_convo_duration_hr_5,216065.0,17.238656931941776,216.35383160081523,0.0,0.0,0.0,0.0,3600.783
audio_convo_duration_hr_6,216065.0,18.235477823803024,215.6961928881377,0.0,0.0,0.0,0.0,3600.438
audio_convo_duration_hr_7,216065.0,25.99930405664962,236.54948983782694,0.0,0.0,0.0,0.0,5074.696
audio_convo_duration_hr_8,216065.0,41.776215897993666,284.2445157695624,0.0,0.0,0.0,0.0,6258.394
audio_convo_duration_hr_9,216065.0,64.97143063429988,360.74267602459827,0.0,0.0,0.0,0.0,7200.0
audio_convo_num_ep_0,216065.0,3.142281257954782,8.097183400700832,0.0,0.0,0.0,0.0,116.0
audio_convo_num_ep_1,216065.0,0.40130516279823203,1.7544027216388616,0.0,0.0,0.0,0.0,64.0
audio_convo_num_ep_2,216065.0,1.610469071807095,4.44027635708563,0.0,0.0,0.0,0.0,60.0
audio_convo_num_ep_3,216065.0,1.182014671510888,3.2362476970704477,0.0,0.0,0.0,0.0,56.0
audio_convo_num_hr_0,216065.0,0.1059819961585634,0.5058076802014491,0.0,0.0,0.0,0.0,11.0
audio_convo_num_hr_1,216065.0,0.08315553190012265,0.4780086056864004,0.0,0.0,0.0,0.0,10.0
audio_convo_num_hr_10,216065.0,0.16688033693564436,0.6737428080126868,0.0,0.0,0.0,0.0,12.0
audio_convo_num_hr_11,216065.0,0.20156434406312915,0.7516171326361915,0.0,0.0,0.0,0.0,14.0
audio_convo_num_hr_12,216065.0,0.228449772059334,0.7841672997886556,0.0,0.0,0.0,0.0,12.0
audio_convo_num_hr_13,216065.0,0.23436003054636337,0.8103202599672885,0.0,0.0,0.0,0.0,10.0
audio_convo_num_hr_14,216065.0,0.22500173558882744,0.7963456872306955,0.0,0.0,0.0,0.0,14.0
audio_convo_num_hr_15,216065.0,0.22155369911832087,0.7972857366073779,0.0,0.0,0.0,0.0,14.0
audio_convo_num_hr_16,216065.0,0.2175039918543031,0.7829554841309527,0.0,0.0,0.0,0.0,12.0
audio_convo_num_hr_17,216065.0,0.23000023141184367,0.7991206639943214,0.0,0.0,0.0,0.0,11.0
audio_convo_num_hr_18,216065.0,0.26276352023696575,0.8367901910844079,0.0,0.0,0.0,0.0,15.0
audio_convo_num_hr_19,216065.0,0.2702612639714901,0.8510832036619822,0.0,0.0,0.0,0.0,13.0
audio_convo_num_hr_2,216065.0,0.051035568000370256,0.37886920023740733,0.0,0.0,0.0,0.0,10.0
audio_convo_num_hr_20,216065.0,0.25125772337028207,0.8307725905451939,0.0,0.0,0.0,0.0,11.0
audio_convo_num_hr_21,216065.0,0.22638095017703005,0.7913243474921668,0.0,0.0,0.0,0.0,13.0
audio_convo_num_hr_22,216065.0,0.1970240436905561,0.7332710659388212,0.0,0.0,0.0,0.0,15.0
audio_convo_num_hr_23,216065.0,0.16212250943003262,0.6639521030244532,0.0,0.0,0.0,0.0,11.0
audio_convo_num_hr_3,216065.0,0.03155531900122648,0.3017006606427996,0.0,0.0,0.0,0.0,9.0
audio_convo_num_hr_4,216065.0,0.02241917941360239,0.25308560755331744,0.0,0.0,0.0,0.0,9.0
audio_convo_num_hr_5,216065.0,0.02042440932126906,0.24070843441845458,0.0,0.0,0.0,0.0,12.0
audio_convo_num_hr_6,216065.0,0.02486288848263254,0.2576980219688454,0.0,0.0,0.0,0.0,11.0
audio_convo_num_hr_7,216065.0,0.043510054844606946,0.32914752642228473,0.0,0.0,0.0,0.0,10.0
audio_convo_num_hr_8,216065.0,0.08303982597829357,0.4632432236922313,0.0,0.0,0.0,0.0,15.0
audio_convo_num_hr_9,216065.0,0.12536505218337074,0.5789429449426882,0.0,0.0,0.0,0.0,10.0
audio_voice_ep_0,216065.0,0.036393951412029855,0.09243900264909169,0.0,0.0,0.0,0.0,1.0
audio_voice_ep_1,216065.0,0.014263517663733365,0.06831991892100342,0.0,0.0,0.0,0.0,1.0
audio_voice_ep_2,216065.0,0.038290834886431986,0.10065633652508382,0.0,0.0,0.0,0.0,1.0
audio_voice_ep_3,216065.0,0.04785553574066293,0.1270175588610962,0.0,0.0,0.0,0.0,1.0
audio_voice_hr_0,216065.0,0.021161924427868198,0.10286965927427533,0.0,0.0,0.0,0.0,1.0
audio_voice_hr_1,216065.0,0.014578672293013005,0.08616999454905748,0.0,0.0,0.0,0.0,1.0
audio_voice_hr_10,216065.0,0.02251191297605221,0.09353069141397496,0.0,0.0,0.0,0.0,1.0
audio_voice_hr_11,216065.0,0.027580088267680353,0.10370896953164468,0.0,0.0,0.0,0.0,1.0
audio_voice_hr_12,216065.0,0.033869041607327156,0.1171963076685529,0.0,0.0,0.0,0.0,1.0
audio_voice_hr_13,216065.0,0.0342741025409911,0.11927195738087604,0.0,0.0,0.0,0.0,1.0
audio_voice_hr_14,216065.0,0.03130500701023956,0.11209229121239488,0.0,0.0,0.0,0.0,1.0
audio_voice_hr_15,216065.0,0.03046629431237174,0.11072946311745978,0.0,0.0,0.0,0.0,1.0
audio_voice_hr_16,216065.0,0.03053225950315225,0.11118409945290347,0.0,0.0,0.0,0.0,1.0
audio_voice_hr_17,216065.0,0.03378035694870939,0.11803609938530336,0.0,0.0,0.0,0.0,1.0
audio_voice_hr_18,216065.0,0.04376889584173334,0.13939029915755524,0.0,0.0,0.0,0.0,1.0
audio_voice_hr_19,216065.0,0.04613608975938242,0.14609377915077743,0.0,0.0,0.0,0.0,1.0
audio_voice_hr_2,216065.0,0.008924951139921863,0.0691813192676969,0.0,0.0,0.0,0.0,1.0
audio_voice_hr_20,216065.0,0.04071311635610495,0.13620974557899554,0.0,0.0,0.0,0.0,1.0
audio_voice_hr_21,216065.0,0.03596649955782586,0.1272434219096242,0.0,0.0,0.0,0.0,1.0
audio_voice_hr_22,216065.0,0.03233867424282162,0.12272776716872771,0.0,0.0,0.0,0.0,1.0
audio_voice_hr_23,216065.0,0.027152600634402932,0.1146612955016107,0.0,0.0,0.0,0.0,1.0
audio_voice_hr_3,216065.0,0.006125754807034588,0.06132059683336903,0.0,0.0,0.0,0.0,1.0
audio_voice_hr_4,216065.0,0.0048862720109180855,0.05667284883899078,0.0,0.0,0.0,0.0,1.0
audio_voice_hr_5,216065.0,0.004709189718152394,0.05610893958193153,0.0,0.0,0.0,0.0,1.0
audio_voice_hr_6,216065.0,0.0052760000702941606,0.05695731310137056,0.0,0.0,0.0,0.0,1.0
audio_voice_hr_7,216065.0,0.00795196240945188,0.06374852492878247,0.0,0.0,0.0,0.0,1.0
audio_voice_hr_8,216065.0,0.01235758311620003,0.07214951058235639,0.0,0.0,0.0,0.0,1.0
audio_voice_hr_9,216065.0,0.017864798245998764,0.08520893372851637,0.0,0.0,0.0,0.0,1.0
call_in_duration_ep_0,25105.0,179.72515435172275,525.826585079798,0.0,0.0,0.0,86.0,12225.0
call_in_duration_ep_1,25105.0,22.85867357100179,162.4906069959971,0.0,0.0,0.0,0.0,8315.0
call_in_duration_ep_2,25105.0,95.6109141605258,341.90498105399337,0.0,0.0,0.0,18.0,8480.0
call_in_duration_ep_3,25105.0,61.25556662019518,286.84766574728957,0.0,0.0,0.0,0.0,8710.0
call_in_num_ep_0,25105.0,1.0183230432184824,1.797016721280878,0.0,0.0,0.0,1.0,30.0
call_in_num_ep_1,25105.0,0.15056761601274646,0.6654562309860678,0.0,0.0,0.0,0.0,20.0
call_in_num_ep_2,25105.0,0.55929097789285,1.1747759807637985,0.0,0.0,0.0,1.0,15.0
call_in_num_ep_3,25105.0,0.31372236606253734,0.7807618173881296,0.0,0.0,0.0,0.0,13.0
call_miss_num_ep_0,25105.0,0.008444532961561443,0.16143104051015333,0.0,0.0,0.0,0.0,14.0
call_miss_num_ep_1,25105.0,0.0017128062139016133,0.09209652442355655,0.0,0.0,0.0,0.0,13.0
call_miss_num_ep_2,25105.0,0.0038637721569408485,0.10267013854796014,0.0,0.0,0.0,0.0,11.0
call_miss_num_ep_3,25105.0,0.0028679545907189805,0.0643003934814938,0.0,0.0,0.0,0.0,4.0
call_out_duration_ep_0,25105.0,221.78872734515036,522.2560603604779,0.0,0.0,0.0,173.0,10787.0
call_out_duration_ep_1,25105.0,21.819637522405895,145.22813794377964,0.0,0.0,0.0,0.0,4063.0
call_out_duration_ep_2,25105.0,128.06126269667396,367.7642664526996,0.0,0.0,0.0,55.0,6791.0
call_out_duration_ep_3,25105.0,71.9078271260705,294.6067133447572,0.0,0.0,0.0,0.0,10753.0
call_out_num_ep_0,25105.0,1.4474805815574587,2.4940097381612847,0.0,0.0,0.0,2.0,69.0
call_out_num_ep_1,25105.0,0.17562238597888866,0.7750151857159364,0.0,0.0,0.0,0.0,21.0
call_out_num_ep_2,25105.0,0.8198765186217885,1.663893665301326,0.0,0.0,0.0,1.0,36.0
call_out_num_ep_3,25105.0,0.4571200955984864,1.2146874718194056,0.0,0.0,0.0,0.0,69.0
light_mean_ep_0,22845.0,155.11506034448223,373.9514837030695,0.0,27.4462934586,66.6193753309,147.443791199,23893.0
light_mean_ep_1,22187.0,31.92459831751005,139.39323934569157,0.0,1.576925807965,6.88218590635,24.7390643826,6001.88084112
light_mean_ep_2,22491.0,347.62335592969566,856.6088207351994,0.0,42.2452443973,122.046322677,316.28580905399997,28162.7005814
light_mean_ep_3,22401.0,64.46617495018504,141.06801882745035,0.0,12.1632653061,30.621761658,74.7058823529,11856.8
light_std_ep_0,22845.0,3870517.4615327357,20107995.670185346,0.0,6485.45371372,69433.2573096,977448.2965,1310488558.22
light_std_ep_1,22187.0,203495.2781384756,3435670.841232991,0.0,36.95233530995,512.328829407,4229.107100255,240566258.935
light_std_ep_2,22491.0,9872984.175047021,49816546.8711578,0.0,7752.310938144999,148349.693275,2427647.380535,2273932783.83
light_std_ep_3,22401.0,164976.3355653488,1881919.2830489925,0.0,529.515275392,2880.91559561,12809.0541716,81922734.7958
loc_dist_ep_0,172565.0,144220.7801318878,4439871.193490206,0.0,2602.45958287,5847.75199075,30330.3709281,1211515851.22
loc_dist_ep_1,165838.0,25435.947704184673,3121557.4330382533,0.0,0.0,0.0,715.67756996625,1199465889.22
loc_dist_ep_2,170646.0,58634.36737719782,1850818.1799284143,0.0,1172.7140543575001,2976.758138995,17312.539607450002,403731482.806
loc_dist_ep_3,168508.0,38219.17070390327,2155193.6203177683,0.0,0.0,1037.399873495,3483.3035054475,481935929.055
loc_dist_hr_0,156233.0,3054.6984387433654,468464.7594421244,0.0,0.0,0.0,0.0,133497766.655
loc_dist_hr_1,155725.0,2465.4683257376246,465717.0231055589,0.0,0.0,0.0,0.0,128098298.848
loc_dist_hr_10,157656.0,3575.0925818525675,247233.77371601612,0.0,0.0,0.0,185.353893545,57419100.5013
loc_dist_hr_11,158471.0,3896.7450160612084,173916.299475224,0.0,0.0,0.0,400.19329365600004,39414008.9395
loc_dist_hr_12,158793.0,4818.69457165627,339799.62561175716,0.0,0.0,0.0,524.154043499,91906231.6021
loc_dist_hr_13,158623.0,4877.591790918804,332797.5993603032,0.0,0.0,0.0,470.3097580765,92007807.0807
loc_dist_hr_14,158419.0,5101.455587795382,338310.2005198133,0.0,0.0,0.0,469.35551784949996,93534301.3933
loc_dist_hr_15,158355.0,5450.067835980614,400945.1965193715,0.0,0.0,0.0,503.612159809,111078605.783
loc_dist_hr_16,158407.0,5245.625080804494,348474.0397881894,0.0,0.0,0.0,517.345226619,70936988.8122
loc_dist_hr_17,159022.0,4730.170517268429,343169.10074386623,0.0,0.0,0.0,531.5107450695,104704082.131
loc_dist_hr_18,159002.0,4860.757283371675,396812.8837436226,0.0,0.0,0.0,516.19197629375,115175809.141
loc_dist_hr_19,157943.0,5469.367444050682,480515.07362421765,0.0,0.0,0.0,388.78616344,115251674.438
loc_dist_hr_2,155002.0,1293.5675056145565,328366.1490631013,0.0,0.0,0.0,0.0,128098298.848
loc_dist_hr_20,157521.0,5482.238392719809,453796.5013363091,0.0,0.0,0.0,212.731749918,115282203.116
loc_dist_hr_21,157832.0,5003.64863241437,455121.36960330943,0.0,0.0,0.0,61.901339543025,104795250.497
loc_dist_hr_22,157963.0,5183.7136808177,400001.04909611127,0.0,0.0,0.0,0.0,69871795.049
loc_dist_hr_23,157661.0,5511.758336633626,588917.198703981,0.0,0.0,0.0,0.0,133497740.778
loc_dist_hr_3,152014.0,1490.1792165133859,333650.1280256202,0.0,0.0,0.0,0.0,128098298.848
loc_dist_hr_4,154748.0,1319.727206326921,327377.9647047568,0.0,0.0,0.0,0.0,128098298.848
loc_dist_hr_5,154610.0,1233.7143596935882,327454.3144817148,0.0,0.0,0.0,0.0,128098298.848
loc_dist_hr_6,154673.0,2216.66713706594,365120.7025806741,0.0,0.0,0.0,0.0,116452998.953
loc_dist_hr_7,155506.0,2698.137313033069,361769.4697214178,0.0,0.0,0.0,0.0,116452998.953
loc_dist_hr_8,156539.0,4234.829235627389,458806.2909022986,0.0,0.0,0.0,0.0,128098298.848
loc_dist_hr_9,157177.0,3021.3714127251424,236436.2333912179,0.0,0.0,0.0,78.453746523,63767084.7476
loc_food_audio_amp,16020.0,15470.60812589338,16397.910990741046,0.0,1206.531334655,9365.294618684999,27807.593945075,189798.033333
loc_food_audio_voice,53313.0,0.1164564855914078,0.2268002841477589,0.0,0.0,0.0,0.113681086512,1.0
loc_food_convo_duration,53313.0,5.367543245738425,12.12710199711883,0.0,0.0,0.0,1.92102454642,59.918841158
loc_food_convo_num,53313.0,0.48769489010599304,0.9609737630393966,0.0,0.0,0.0,0.600014100331,12.0
loc_food_dur,215213.0,0.4840707098613403,1.2947883767707893,0.0,0.0,0.0,0.0,24.0033333333
loc_food_still,53313.0,45.83289789693378,10.345004512596061,0.0334821428571,40.0285714286,47.7333333333,53.4666666667,60.0
loc_food_unlock_duration,53313.0,8.792172878787326,8.851546103962605,0.0,2.56839032527,6.36315660884,12.1621037284,60.0
loc_food_unlock_num,53313.0,7.363439248619762,5.965825421959244,0.0,3.42938794951,6.00200066689,9.77422120606,124.135240418
loc_health_dur,215213.0,0.011230534314325307,0.3009451168603887,0.0,0.0,0.0,0.0,24.0038888889
loc_home_audio_amp,35609.0,3073.1603139383124,7179.783160809776,0.0,193.659331339,807.247405315,3625.24670043,145300.666047
loc_home_audio_voice,137481.0,0.020258226265486845,0.06657450831362366,0.0,0.0,0.0,0.0,1.0
loc_home_convo_duration,137481.0,0.9768418529123029,3.6883665065892024,0.0,0.0,0.0,0.0,57.3522833598
loc_home_convo_num,137481.0,0.10498959788559312,0.3289713537594717,0.0,0.0,0.0,0.0,6.1793811407
loc_home_dur,215213.0,9.278302730373811,8.58421360574575,0.0,0.0,9.62111111111,16.5375,45.8033952778
loc_home_still,137481.0,54.97545664434716,5.015039141563015,0.520043336945,53.4964670176,56.3004021302,58.0632873723,60.0
loc_home_unlock_duration,137481.0,8.680785932899642,6.6150739204972036,0.0,4.18730702864,7.53616196188,11.6456527068,60.0
loc_home_unlock_num,137481.0,3.2981887140722295,2.9006293424854017,0.0,1.56487720061,2.61397452684,4.192097655,65.4464599945
loc_leisure_dur,215213.0,0.15222626324204458,1.2082925913122784,0.0,0.0,0.0,0.0,23.9216286111
loc_max_dis_from_campus_ep_0,170439.0,1212706.554228361,2252108.840652121,40.9437874497,501.65603380150003,65524.0140312,1499193.61174,16200995.5498
loc_max_dis_from_campus_ep_1,165527.0,1172573.6309516544,2220969.664651827,46.4990437343,379.902499144,6356.89507399,1483972.194815,16190014.2516
loc_max_dis_from_campus_ep_2,168398.0,1181264.8764914714,2222682.5615643156,40.0425681483,463.79151113300003,20894.4565288,1488293.8217575,16200995.5498
loc_max_dis_from_campus_ep_3,166985.0,1179166.6125530957,2226708.3589227623,5.50066115748,408.251482164,11940.4080758,1485080.49989,16191761.6077
loc_max_dis_from_campus_hr_0,157467.0,1151699.794441053,2185315.8772745263,19.1848950831,351.151729314,3400.88934196,1377051.493765,16190014.2516
loc_max_dis_from_campus_hr_1,157979.0,1149730.9423782052,2184258.595856196,19.1848950831,356.62147060250004,2296.16169757,1375489.0014,16190014.2516
loc_max_dis_from_campus_hr_10,153971.0,1116524.0445918494,2147626.6296899947,3.04469577046,319.345702915,2331.76914134,1295315.34831,16190069.0688
loc_max_dis_from_campus_hr_11,153332.0,1106128.3763236327,2138016.3470655754,3.66259278077,313.85092739725,2115.9504529899996,1295310.168815,16190012.6552
loc_max_dis_from_campus_hr_12,152590.0,1105608.8323998319,2136735.2227557455,3.20122498498,302.06924743975003,2308.59534092,1295312.6994475,16191761.6077
loc_max_dis_from_campus_hr_13,151963.0,1107685.4533623918,2142114.539782731,3.20122498498,290.03903397399995,2956.55105249,1295312.81656,16200995.5498
loc_max_dis_from_campus_hr_14,151577.0,1103903.461082662,2137612.7381451107,3.16042887823,302.777171693,2474.179572,1294975.65261,16173829.7073
loc_max_dis_from_campus_hr_15,151238.0,1104703.8078007132,2137525.8293128726,2.94067093273,325.472936374,2470.065035355,1295312.089615,16200995.5498
loc_max_dis_from_campus_hr_16,151707.0,1109186.1219627464,2138360.533808675,3.20122498498,336.43687836000004,2311.27777564,1295315.557835,16200940.8998
loc_max_dis_from_campus_hr_17,153025.0,1122650.4897712965,2156957.6868774504,2.04076057447,337.057552836,2464.69548159,1310408.50291,16190013.2952
loc_max_dis_from_campus_hr_18,154345.0,1130729.887500033,2164171.95225449,7.45506364888,333.838037583,4595.89361122,1311354.25847,16191722.8251
loc_max_dis_from_campus_hr_19,155099.0,1141954.6256543873,2179664.501074919,9.65141843699,333.555620977,6126.91643991,1352116.498865,16191761.6077
loc_max_dis_from_campus_hr_2,157388.0,1148577.895656582,2181446.374206236,46.4990437343,358.5117454295,2148.5647105750004,1375488.18389,16190014.2516
loc_max_dis_from_campus_hr_20,156328.0,1143389.4719653914,2181042.2707212646,15.6434672653,342.938036185,5501.32444105,1375475.2191525,16191732.7128
loc_max_dis_from_campus_hr_21,157816.0,1148929.622076741,2194861.2826253376,5.50066115748,348.389710769,4469.413517375,1375484.98374,16191761.6077
loc_max_dis_from_campus_hr_22,158802.0,1149322.5328871855,2189359.3261075504,5.50066115748,349.10114079899995,2566.8093378949998,1375487.5584875,16190019.5041
loc_max_dis_from_campus_hr_23,158155.0,1154167.0281874253,2193181.681534949,5.50066115748,348.578725847,4082.97940705,1378867.43066,16190019.5041
loc_max_dis_from_campus_hr_3,156846.0,1146807.3374639072,2177663.528131769,47.1109683591,358.62586176775,2116.2658204850004,1375486.5069875,16190014.2516
loc_max_dis_from_campus_hr_4,156553.0,1142165.1991189872,2170811.075299171,47.1109683591,358.512717574,2108.39693637,1351736.96469,16190014.2516
loc_max_dis_from_campus_hr_5,156069.0,1141493.8147939602,2170132.1058708127,52.4389645993,358.695000743,2112.2183113,1351548.60467,16190013.3858
loc_max_dis_from_campus_hr_6,155877.0,1144012.8164649645,2179915.2726067808,52.4389645993,360.673082833,2109.89998597,1350677.38674,16190013.3858
loc_max_dis_from_campus_hr_7,155863.0,1145597.2679379708,2185100.305952877,26.3909017684,363.1134426315,2111.17619658,1350670.6513049998,16190013.3858
loc_max_dis_from_campus_hr_8,155508.0,1139420.7779453679,2175335.869095171,18.1903952787,361.173724384,2293.883981545,1310571.501365,16190012.6552
loc_max_dis_from_campus_hr_9,154685.0,1131499.9597867748,2166454.7239820003,4.54143803614,340.608220509,2331.76914134,1310411.14771,16190069.0688
loc_other_dorm_audio_amp,9027.0,7854.908966423685,12612.502263480013,0.0,418.5870119405,2332.50443975,10789.183876899999,225872.95539
loc_other_dorm_audio_voice,31852.0,0.05991766623306162,0.15424930394999137,0.0,0.0,0.0,0.00120058431238,1.0
loc_other_dorm_convo_duration,31852.0,2.9751546114798892,8.95612360985774,0.0,0.0,0.0,0.0,59.9292867705
loc_other_dorm_convo_num,31852.0,0.3228377588974283,0.8299801103102312,0.0,0.0,0.0,0.0,10.0
loc_other_dorm_dur,215213.0,0.5868948051220061,2.3023186567801543,0.0,0.0,0.0,0.0,24.0167566667
loc_other_dorm_still,31852.0,48.99473909771806,11.362737477572828,0.0,44.990295830499996,52.84,56.889421417175,60.0
loc_other_dorm_unlock_duration,31852.0,8.237676405053845,8.509999527279755,0.0,2.1317101528825,5.813521277335,11.609105006075,60.0
loc_other_dorm_unlock_num,31852.0,6.474105079572896,6.485439774141343,0.0,2.17226164135,4.741250642404999,8.61459315566,113.952519783
loc_self_dorm_audio_amp,19714.0,3919.1507695750665,9021.765694549533,0.0,261.8034310475,1229.3049809,4558.68236158,145300.666047
loc_self_dorm_audio_voice,65403.0,0.025415172080020348,0.07866249030010916,0.0,0.0,0.0,0.003004613799505,1.0
loc_self_dorm_convo_duration,65403.0,1.139209379224188,4.140437730957598,0.0,0.0,0.0,0.0,57.3522833598
loc_self_dorm_convo_num,65403.0,0.11286422278759752,0.330339633406032,0.0,0.0,0.0,0.0,6.0
loc_self_dorm_dur,215213.0,3.8839452992112884,6.5616568584063675,0.0,0.0,0.0,8.10861111111,24.1694444444
loc_self_dorm_still,65403.0,55.175749347350546,4.95100558387114,1.43209876543,53.88178771045,56.5355409516,58.1824230269,60.0
loc_self_dorm_unlock_duration,65403.0,8.199686416751607,6.461927754343662,0.0,3.860836231225,6.910137563,10.90226700995,60.0
loc_self_dorm_unlock_num,65403.0,3.436539221678514,3.17676179182604,0.0,1.56484319041,2.62458990783,4.34779980279,65.4464599945
loc_social_audio_amp,7354.0,12392.800936528936,16914.153260336065,0.0,676.12161053675,3508.298785225,20231.264357250002,144986.083799
loc_social_audio_voice,25350.0,0.08337851314471464,0.18755984229903952,0.0,0.0,0.0,0.014848367958875001,1.0
loc_social_convo_duration,25350.0,4.0065708037258405,10.456387368786793,0.0,0.0,0.0,0.0,59.9276707211
loc_social_convo_num,25350.0,0.42194672201793615,0.9475853760683187,0.0,0.0,0.0,0.0,12.0
loc_social_dur,215213.0,0.23156648654665749,0.8986552791323722,0.0,0.0,0.0,0.0,23.9334841667
loc_social_still,25350.0,44.25234853624026,12.290699777165322,0.0249895876718,37.556526539925,47.2030468936,53.41101020975,60.0
loc_social_unlock_duration,25350.0,9.101816418962471,9.024394506390614,0.0,2.695055671465,6.71802114202,12.621403052449999,60.0
loc_social_unlock_num,25350.0,7.603896789465037,6.417528789634304,0.0,3.42857142857,6.00200066689,10.0055586437,88.4422110553
loc_study_audio_amp,17688.0,5247.7266565990085,6920.8737896143375,0.0,440.72191806374997,2080.365983635,8586.3309823375,106908.18663
loc_study_audio_voice,59180.0,0.047860273281338725,0.11362283024215183,0.0,0.0,0.0,0.01858911152495,1.0
loc_study_convo_duration,59180.0,2.8382699447929265,8.020343464240037,0.0,0.0,0.0,0.10181732135625,59.8675601974
loc_study_convo_num,59180.0,0.30546781497459735,0.7416469805111419,0.0,0.0,0.0,0.05406055077675,7.41118103346
loc_study_dur,215213.0,1.44535891246243,3.2635826975521907,0.0,0.0,0.0,1.16694444444,24.0047222222
loc_study_still,59180.0,52.370861348072665,7.2705394099397855,0.0729927007299,50.573135497125,54.315915967349994,56.741328359825,60.0
loc_study_unlock_duration,59180.0,7.4388984949108305,6.940236504880488,0.0,2.6761013341875,5.82759829165,10.111127408425,60.0
loc_study_unlock_num,59180.0,5.337982097533083,4.6097696702370525,0.0,2.40080026676,4.28469412045,6.9443636595875,70.67181164
loc_visit_num_ep_0,174881.0,3.4610792481744728,2.274957315263051,0.0,1.0,3.0,5.0,16.0
loc_visit_num_ep_1,167166.0,1.3647811157771317,0.7047531552159911,0.0,1.0,1.0,2.0,10.0
loc_visit_num_ep_2,172475.0,2.7206203797651836,1.7475203353584483,0.0,1.0,2.0,4.0,12.0
loc_visit_num_ep_3,170379.0,1.9726844270714115,1.1841721299515604,0.0,1.0,2.0,3.0,11.0
loc_visit_num_hr_0,160189.0,1.027180393160579,0.2584219124541008,0.0,1.0,1.0,1.0,5.0
loc_visit_num_hr_1,158995.0,1.0365923456712476,0.23652943239569105,0.0,1.0,1.0,1.0,6.0
loc_visit_num_hr_10,162116.0,1.0724172814527868,0.4310227311137147,0.0,1.0,1.0,1.0,5.0
loc_visit_num_hr_11,162711.0,1.146554320236493,0.5271048319835817,0.0,1.0,1.0,1.0,5.0
loc_visit_num_hr_12,163265.0,1.1752120785226472,0.5674335740399903,0.0,1.0,1.0,1.0,5.0
loc_visit_num_hr_13,163219.0,1.1114821191160342,0.5213374761484524,0.0,1.0,1.0,1.0,5.0
loc_visit_num_hr_14,163083.0,1.107509672988601,0.5180900665681878,0.0,1.0,1.0,1.0,5.0
loc_visit_num_hr_15,162974.0,1.100420926037282,0.5203928610358222,0.0,1.0,1.0,1.0,5.0
loc_visit_num_hr_16,163042.0,1.1057396253726033,0.5175453323469689,0.0,1.0,1.0,1.0,5.0
loc_visit_num_hr_17,163549.0,1.1187534011213764,0.5183169429682429,0.0,1.0,1.0,1.0,5.0
loc_visit_num_hr_18,163551.0,1.1625914852247923,0.5386235796848237,0.0,1.0,1.0,1.0,5.0
loc_visit_num_hr_19,162660.0,1.1451309479896716,0.5001484094220753,0.0,1.0,1.0,1.0,5.0
loc_visit_num_hr_2,157924.0,1.0182049593475342,0.1674231183925263,0.0,1.0,1.0,1.0,5.0
loc_visit_num_hr_20,162169.0,1.1151514777793536,0.4476688099208312,0.0,1.0,1.0,1.0,5.0
loc_visit_num_hr_21,162284.0,1.098339947252964,0.40676962244097514,0.0,1.0,1.0,1.0,5.0
loc_visit_num_hr_22,162230.0,1.0828453430314986,0.3694448829506534,0.0,1.0,1.0,1.0,5.0
loc_visit_num_hr_23,161683.0,1.0512979101080508,0.3216992411189662,0.0,1.0,1.0,1.0,5.0
loc_visit_num_hr_3,157302.0,1.0082770721287715,0.12599779452565085,0.0,1.0,1.0,1.0,5.0
loc_visit_num_hr_4,156992.0,1.0050448430493273,0.11001196831252813,0.0,1.0,1.0,1.0,4.0
loc_visit_num_hr_5,156740.0,1.00421717493939,0.12145777797039915,0.0,1.0,1.0,1.0,5.0
loc_visit_num_hr_6,157130.0,1.012473747852097,0.1787684132145906,0.0,1.0,1.0,1.0,5.0
loc_visit_num_hr_7,158376.0,1.0341592160428348,0.26999603775289394,0.0,1.0,1.0,1.0,5.0
loc_visit_num_hr_8,159883.0,1.0955198488895004,0.4141214908366409,0.0,1.0,1.0,1.0,5.0
loc_visit_num_hr_9,161055.0,1.067566980224147,0.40205996664610916,0.0,1.0,1.0,1.0,6.0
loc_workout_dur,215213.0,0.15906624078109197,0.7686105551072394,0.0,0.0,0.0,0.0,24.0047222222
loc_worship_dur,215213.0,0.05958380004795955,0.831234267971905,0.0,0.0,0.0,0.0,23.9748027778
other_playing_duration_ep_0,190961.0,11133.393033132419,10566.328855926555,0.0,3600.0,8400.0,15007.0,86391.0
other_playing_duration_ep_1,190961.0,2691.664198448898,5550.50266712856,0.0,0.0,600.0,2401.0,32400.0
other_playing_duration_ep_2,190961.0,5118.991411858966,5111.627374629407,0.0,1200.0,3601.0,7635.0,32400.0
other_playing_duration_ep_3,190961.0,3322.737422824556,3743.675705595642,0.0,600.0,1937.0,4801.0,21600.0
other_playing_duration_hr_0,190961.0,476.73762705473894,956.1858764580846,0.0,0.0,0.0,600.0,3600.0
other_playing_duration_hr_1,190961.0,401.6405077476553,940.9916027023785,0.0,0.0,0.0,0.0,3600.0
other_playing_duration_hr_10,190961.0,523.3495006833856,929.3572977560414,0.0,0.0,0.0,600.0,3600.0
other_playing_duration_hr_11,190961.0,559.0371646566576,945.2141329333774,0.0,0.0,0.0,600.0,3600.0
other_playing_duration_hr_12,190961.0,570.0302208304313,948.2189507734846,0.0,0.0,0.0,667.0,3600.0
other_playing_duration_hr_13,190961.0,571.7785935348055,961.7459054126505,0.0,0.0,0.0,633.0,3600.0
other_playing_duration_hr_14,190961.0,580.7652347861605,964.9069044414582,0.0,0.0,0.0,690.0,3600.0
other_playing_duration_hr_15,190961.0,595.6928901712915,984.4780336126769,0.0,0.0,0.0,765.0,3600.0
other_playing_duration_hr_16,190961.0,617.4495891831316,995.1380469478025,0.0,0.0,0.0,897.0,3600.0
other_playing_duration_hr_17,190961.0,616.0102900592268,991.8004969275838,0.0,0.0,0.0,887.0,3600.0
other_playing_duration_hr_18,190961.0,552.2711286597787,937.2132559870854,0.0,0.0,0.0,600.0,3600.0
other_playing_duration_hr_19,190961.0,508.12044344133096,907.7751071783222,0.0,0.0,0.0,600.0,3600.0
other_playing_duration_hr_2,190961.0,315.38084739815986,888.612356423802,0.0,0.0,0.0,0.0,3600.0
other_playing_duration_hr_20,190961.0,533.9367252999303,938.64120565739,0.0,0.0,0.0,600.0,3600.0
other_playing_duration_hr_21,190961.0,578.1268007603646,979.5895232963128,0.0,0.0,0.0,616.0,3600.0
other_playing_duration_hr_22,190961.0,594.5436031440975,1004.3193048547038,0.0,0.0,0.0,685.0,3600.0
other_playing_duration_hr_23,190961.0,555.7387215190537,988.5984867172989,0.0,0.0,0.0,600.0,3600.0
other_playing_duration_hr_3,190961.0,237.06331659344053,798.3998371331385,0.0,0.0,0.0,0.0,3600.0
other_playing_duration_hr_4,190961.0,209.5494053759668,795.0607474562297,0.0,0.0,0.0,0.0,3600.0
other_playing_duration_hr_5,190961.0,190.38103591832888,758.978475557696,0.0,0.0,0.0,0.0,3600.0
other_playing_duration_hr_6,190961.0,201.77059713763543,748.2686784662247,0.0,0.0,0.0,0.0,3600.0
other_playing_duration_hr_7,190961.0,269.0620178989427,775.8535618984318,0.0,0.0,0.0,0.0,3600.0
other_playing_duration_hr_8,190961.0,390.0788433240295,846.6782433075005,0.0,0.0,0.0,299.0,3600.0
other_playing_duration_hr_9,190961.0,484.87792795387537,907.6115027600102,0.0,0.0,0.0,600.0,3600.0
other_playing_num_ep_0,190961.0,5.963374720492666,3.741611090779694,0.0,3.0,6.0,8.0,26.0
other_playing_num_ep_1,190961.0,1.0935164771864412,1.2325786037421873,0.0,0.0,1.0,2.0,15.0
other_playing_num_ep_2,190961.0,3.1435005053387863,2.3383636080581627,0.0,1.0,3.0,5.0,16.0
other_playing_num_ep_3,190961.0,2.0131911751614204,1.69065510401065,0.0,1.0,2.0,3.0,11.0
other_playing_num_hr_0,190961.0,0.338587460266756,0.5736998314029762,0.0,0.0,0.0,1.0,4.0
other_playing_num_hr_1,190961.0,0.2651483810830484,0.525201409789919,0.0,0.0,0.0,0.0,4.0
other_playing_num_hr_10,190961.0,0.4617487340346982,0.6632161756011012,0.0,0.0,0.0,1.0,4.0
other_playing_num_hr_11,190961.0,0.48727227025413566,0.6757333804466034,0.0,0.0,0.0,1.0,4.0
other_playing_num_hr_12,190961.0,0.5018511633265431,0.6814834926872521,0.0,0.0,0.0,1.0,4.0
other_playing_num_hr_13,190961.0,0.4987667638941983,0.6822068279643366,0.0,0.0,0.0,1.0,4.0
other_playing_num_hr_14,190961.0,0.5042338487963511,0.6824864398202977,0.0,0.0,0.0,1.0,4.0
other_playing_num_hr_15,190961.0,0.5025371672749933,0.68264829656859,0.0,0.0,0.0,1.0,4.0
other_playing_num_hr_16,190961.0,0.5202737731788166,0.6879619029020939,0.0,0.0,0.0,1.0,4.0
other_playing_num_hr_17,190961.0,0.5208602803713848,0.6852291038514671,0.0,0.0,0.0,1.0,4.0
other_playing_num_hr_18,190961.0,0.48442875770445276,0.665278167671511,0.0,0.0,0.0,1.0,4.0
other_playing_num_hr_19,190961.0,0.4503432638077932,0.6486563244322047,0.0,0.0,0.0,1.0,4.0
other_playing_num_hr_2,190961.0,0.1805970852687198,0.44308888067866564,0.0,0.0,0.0,0.0,4.0
other_playing_num_hr_20,190961.0,0.461476427123863,0.6556721804787459,0.0,0.0,0.0,1.0,4.0
other_playing_num_hr_21,190961.0,0.482805389582166,0.6648366008162793,0.0,0.0,0.0,1.0,4.0
other_playing_num_hr_22,190961.0,0.48037557407009807,0.6621013770353271,0.0,0.0,0.0,1.0,4.0
other_playing_num_hr_23,190961.0,0.4210440875361985,0.6236329508139751,0.0,0.0,0.0,1.0,4.0
other_playing_num_hr_3,190961.0,0.12715685401731244,0.38991513792349736,0.0,0.0,0.0,0.0,4.0
other_playing_num_hr_4,190961.0,0.08712773812453851,0.302035136318311,0.0,0.0,0.0,0.0,3.0
other_playing_num_hr_5,190961.0,0.08115793277161305,0.2949460336156941,0.0,0.0,0.0,0.0,4.0
other_playing_num_hr_6,190961.0,0.10732557956860302,0.3415243607962525,0.0,0.0,0.0,0.0,4.0
other_playing_num_hr_7,190961.0,0.1941653007682197,0.4595649375314828,0.0,0.0,0.0,0.0,4.0
other_playing_num_hr_8,190961.0,0.3249982980818073,0.5763272491900953,0.0,0.0,0.0,1.0,4.0
other_playing_num_hr_9,190961.0,0.4225103555176188,0.6432987235539012,0.0,0.0,0.0,1.0,4.0
quality_activity,216065.0,21.76414042070673,4.613891528678677,0.0,22.0,24.0,24.0,24.0
quality_audio,216065.0,5.5204406081503254,9.790532861991748,0.0,0.0,0.0,0.0,24.0
quality_light,25105.0,20.740370444134633,7.483404558890291,0.0,24.0,24.0,24.0,24.0
quality_loc,216065.0,17.879267812926667,9.659452063302966,0.0,15.0,24.0,24.0,24.0
sleep_duration,216065.0,7.467983592900285,2.761635393484382,0.0,6.0,7.5,8.75,23.75
sleep_end,216065.0,100.01308402564044,20.264963060351178,0.0,90.0,98.0,108.0,191.0
sleep_start,216065.0,40.269215282438154,19.76881929065008,0.0,28.0,38.0,50.0,188.0
sms_in_num_ep_0,25105.0,17.21517625970922,32.39982700182901,0.0,1.0,6.0,19.0,500.0
sms_in_num_ep_1,25105.0,2.1133638717386973,7.169900943663501,0.0,0.0,0.0,1.0,147.0
sms_in_num_ep_2,25105.0,8.383150766779526,16.771817921299156,0.0,0.0,3.0,9.0,386.0
sms_in_num_ep_3,25105.0,6.718661621190998,15.976442967222013,0.0,0.0,1.0,6.0,410.0
sms_out_num_ep_0,25105.0,14.010476000796654,28.259255017371963,0.0,0.0,4.0,15.0,509.0
sms_out_num_ep_1,25105.0,1.6353714399522008,6.062355864395159,0.0,0.0,0.0,0.0,141.0
sms_out_num_ep_2,25105.0,6.8460864369647485,15.033165584100534,0.0,0.0,1.0,7.0,410.0
sms_out_num_ep_3,25105.0,5.529018123879705,13.445940066284805,0.0,0.0,0.0,5.0,232.0
unlock_duration_ep_0,216065.0,11849.375911721008,6890.0886317282875,0.0,7258.109,10904.099,15358.477,81767.75
unlock_duration_ep_1,216065.0,1913.850998014486,2274.093297247991,0.0,446.506,1274.838,2604.746,32400.0
unlock_duration_ep_2,216065.0,5857.206920352672,3772.2682104092933,0.0,3230.037,5288.844,7837.626,32397.36
unlock_duration_ep_3,216065.0,4078.3179933538527,2907.0918989198894,0.0,1986.988,3573.08,5598.022,21600.0
unlock_duration_hr_0,216065.0,491.63679025756136,762.6080113567291,0.0,0.0,71.219,721.397,3600.0
unlock_duration_hr_1,216065.0,332.9617015666582,677.366633217319,0.0,0.0,0.0,337.903,3600.0
unlock_duration_hr_10,216065.0,603.5616717746975,728.2580372122026,0.0,9.147,335.984,928.378,3600.0
unlock_duration_hr_11,216065.0,650.9757037789553,726.9829917723685,0.0,52.378,412.918,989.651,3600.0
unlock_duration_hr_12,216065.0,681.4208531275311,723.2352675373874,0.0,105.284,464.263,1023.737,3600.0
unlock_duration_hr_13,216065.0,677.7690525304886,733.9611247671335,0.0,87.781,447.863,1023.28,3600.0
unlock_duration_hr_14,216065.0,675.2025803623909,732.1069131336097,0.0,90.588,445.245,1014.8,3600.0
unlock_duration_hr_15,216065.0,668.7179690741211,732.533050213904,0.0,71.758,435.093,1010.626,3600.0
unlock_duration_hr_16,216065.0,682.3306982343275,734.9679484096192,0.0,85.457,456.037,1030.866,3600.0
unlock_duration_hr_17,216065.0,691.808292254646,733.6329312031186,0.0,105.125,471.598,1045.612,3600.0
unlock_duration_hr_18,216065.0,667.0954423992781,714.1043240601331,0.0,105.482,446.312,998.754,3600.0
unlock_duration_hr_19,216065.0,653.3724964293153,718.2958088014033,0.0,84.954,420.725,977.431,3600.0
unlock_duration_hr_2,216065.0,193.6305624973966,549.3544119248463,0.0,0.0,0.0,0.05,3600.0
unlock_duration_hr_20,216065.0,688.7302393400132,747.6622538272778,0.0,90.605,448.794,1038.318,3600.0
unlock_duration_hr_21,216065.0,727.548182880152,779.9854226730969,0.0,101.863,479.054,1103.037,3600.0
unlock_duration_hr_22,216065.0,714.2767771365098,803.0787788878168,0.0,50.585,435.182,1090.546,3600.0
unlock_duration_hr_23,216065.0,627.2948551685836,801.4706764167408,0.0,0.0,296.382,963.292,3600.0
unlock_duration_hr_3,216065.0,98.88938188045266,410.1749281284448,0.0,0.0,0.0,0.0,3600.0
unlock_duration_hr_4,216065.0,60.395701821211205,329.73834260073994,0.0,0.0,0.0,0.0,3600.0
unlock_duration_hr_5,216065.0,51.89673264064055,294.38723346355,0.0,0.0,0.0,0.0,3600.0
unlock_duration_hr_6,216065.0,87.39190146483698,343.06677708568924,0.0,0.0,0.0,0.0,3600.0
unlock_duration_hr_7,216065.0,208.11371115636496,493.22131213777527,0.0,0.0,0.0,123.362,3600.0
unlock_duration_hr_8,216065.0,388.9345147293639,633.2620037181626,0.0,0.0,25.24,574.464,3600.0
unlock_duration_hr_9,216065.0,525.4200992155138,701.0757405309798,0.0,0.0,212.4,813.97,3600.0
unlock_num_ep_0,216065.0,90.36803276791706,57.693692423749326,0.0,53.0,79.0,115.0,754.0
unlock_num_ep_1,216065.0,11.266558674472959,12.477692962345806,0.0,3.0,8.0,15.0,255.0
unlock_num_ep_2,216065.0,47.01121884618055,31.76846151482657,0.0,26.0,41.0,61.0,488.0
unlock_num_ep_3,216065.0,32.406368453937475,24.365378732628628,0.0,16.0,27.0,43.0,425.0
unlock_num_hr_0,216065.0,3.0455927614375304,4.676474922305829,0.0,0.0,1.0,4.0,87.0
unlock_num_hr_1,216065.0,1.8628190590794438,3.78027003288721,0.0,0.0,0.0,2.0,107.0
unlock_num_hr_10,216065.0,4.599412213917108,5.017078229988156,0.0,1.0,3.0,7.0,120.0
unlock_num_hr_11,216065.0,5.317626640131442,5.287288552836135,0.0,1.0,4.0,8.0,154.0
unlock_num_hr_12,216065.0,5.909596649156504,5.595033209928697,0.0,2.0,5.0,8.0,253.0
unlock_num_hr_13,216065.0,5.787924929997917,5.5693760652596325,0.0,2.0,5.0,8.0,295.0
unlock_num_hr_14,216065.0,5.729775761923495,5.453760639037151,0.0,2.0,4.0,8.0,115.0
unlock_num_hr_15,216065.0,5.610353365885266,5.479568699420336,0.0,2.0,4.0,8.0,110.0
unlock_num_hr_16,216065.0,5.753680605373383,5.54260248038129,0.0,2.0,4.0,8.0,133.0
unlock_num_hr_17,216065.0,5.959188207252447,5.67350406458888,0.0,2.0,5.0,8.0,131.0
unlock_num_hr_18,216065.0,6.09655427764793,5.69026191526707,0.0,2.0,5.0,9.0,178.0
unlock_num_hr_19,216065.0,5.879059542267373,5.614154361567863,0.0,2.0,5.0,8.0,136.0
unlock_num_hr_2,216065.0,0.9807465346076413,2.6802450723271285,0.0,0.0,0.0,1.0,76.0
unlock_num_hr_20,216065.0,5.862018374100386,5.692459881045385,0.0,2.0,5.0,8.0,127.0
unlock_num_hr_21,216065.0,5.844801332932219,5.790735191201466,0.0,2.0,4.0,8.0,142.0
unlock_num_hr_22,216065.0,5.3461088098488885,5.764104640099085,0.0,1.0,4.0,7.0,148.0
unlock_num_hr_23,216065.0,4.337440122185454,5.4143441218615385,0.0,0.0,3.0,6.0,106.0
unlock_num_hr_3,216065.0,0.46693356165968575,1.7853493389438253,0.0,0.0,0.0,0.0,156.0
unlock_num_hr_4,216065.0,0.28111910767593085,1.3162304969987797,0.0,0.0,0.0,0.0,46.0
unlock_num_hr_5,216065.0,0.2943188392381922,1.358528544233874,0.0,0.0,0.0,0.0,78.0
unlock_num_hr_6,216065.0,0.5937611366949761,1.9410879554549032,0.0,0.0,0.0,0.0,118.0
unlock_num_hr_7,216065.0,1.4195126466572558,2.909860811967495,0.0,0.0,0.0,2.0,75.0
unlock_num_hr_8,216065.0,2.701737902945873,3.968702068399127,0.0,0.0,1.0,4.0,98.0
unlock_num_hr_9,216065.0,3.808997292481429,4.675408233792933,0.0,0.0,2.0,6.0,134.0
sleep_heathkit_dur,78864.0,6.796459614019072,3.840959845621989,0.0,5.267,7.217,8.25,77.8
